{
  "state": [
    0.22416868805885315,
    0.14695614576339722,
    0.447488009929657,
    -2.813544988632202,
    -0.3352014720439911,
    -0.22529281675815582,
    0.0,
    2.540489435195923,
    0.2562825381755829,
    -3.1298134326934814,
    2.1327202320098877,
    -3.1299962997436523,
    -0.8005632758140564,
    -0.7644156217575073
  ],
  "response": {
    "action": [
      0.0051392498426139355,
      0.007204154971987009,
      0.0005952863721176982,
      -1.0
    ],
    "gripper_prob": 0.20724545419216156,
    "prompt": "pick up the red ball",
    "raw_action": [
      0.0051392498426139355,
      0.007204154971987009,
      0.0005952863721176982,
      -1.0
    ],
    "timing_ms": {
      "infer": 6797.115,
      "postprocess": 98.326,
      "preprocess": 2.093,
      "total": 6897.556
    }
  },
  "safe_action": [
    0.003000000026077032,
    0.003000000026077032,
    0.0005952863721176982,
    -1.0
  ]
}