{
  "state": [
    0.535726010799408,
    0.2910458743572235,
    0.2723940908908844,
    -2.743450403213501,
    -0.2661036252975464,
    -0.4496844708919525,
    0.0,
    2.7086989879608154,
    -0.7150465250015259,
    3.0427539348602295,
    1.4707280397415161,
    0.06998471915721893,
    0.48485007882118225,
    2.1998612880706787
  ],
  "response": {
    "action": [
      0.0010568153811618686,
      -0.001743293832987547,
      0.002618269296362996,
      -0.07659721374511719,
      -0.10000000149011612,
      -0.036324094980955124,
      0.0
    ],
    "gripper_label": "hold",
    "gripper_probs": [
      3.854915121337399e-05,
      0.9521256685256958,
      0.047835733741521835
    ],
    "gripper_value": 0.0,
    "prompt": "pick up the red ball",
    "raw_action": [
      0.0010568153811618686,
      -0.001743293832987547,
      0.002618269296362996,
      -0.07659721374511719,
      -0.17337429523468018,
      -0.036324094980955124,
      0.0
    ],
    "timing_ms": {
      "infer": 9895.472,
      "postprocess": 0.645,
      "preprocess": 2.344,
      "total": 9898.789
    }
  },
  "safe_action": [
    0.0010568153811618686,
    -0.001743293832987547,
    0.002618269296362996,
    -0.03490658476948738,
    -0.03490658476948738,
    -0.03490658476948738,
    0.0
  ]
}